"ID","PC1","PC2","PC3","PC4","PC5","PC6","PC7","PC8"
1,1.2527747771405,-0.234033644069052,-0.0462303432826493,0.372048772988274,0.972500980513193,1.56398026280065,0.0572703772425244,0.166335950068074
2,0.922196723481972,0.53250179768419,-0.133271923955273,-0.443122677396541,0.2578302131724,0.558299170531484,0.062138409605556,-0.641370425140526
3,-1.81592984711259,-1.63704419162026,-0.914252287600693,0.95203793896386,-1.38235235335632,-0.833622548866246,-0.930395155894055,-0.0980976956949084
4,2.0409274580964,-0.62299981535457,-0.0535489809529423,0.139460911361444,0.763934438202656,1.04587042972685,0.490569014971428,-0.370123683821024
5,-0.52247438923868,-0.0539685304245799,2.48565723012571,0.818986684392556,0.133343234713074,-0.503356111622043,0.605131932142634,-0.727376706073133
6,0.793668357152105,1.66813613390213,0.236489472987661,0.692334734474873,0.592865915804509,1.34331059227106,0.239038687438106,-0.121759173517536
7,0.743826420428625,-1.24545301489899,-0.40481204413899,0.801461741502605,-0.46001830061769,-0.151367613915268,-0.0710532609948808,0.445739641066116
8,-0.0629032916335937,1.71783863597076,-0.302260880792421,-0.367302965259169,0.171836115616122,0.0693965853842295,1.14348735228647,-0.235935238965252
9,-0.514935887370978,-0.422265927364675,-0.853200808040101,-1.8929773485482,-0.29215677877253,-0.0852935032546362,0.694931244554798,-0.453579455156524
10,1.13407195533727,0.134074411833826,0.313672949575391,0.86480311259087,-0.254591014420843,1.42973727322117,-1.08674623017995,-0.315751586477621
11,2.21993087956032,0.0919186779035587,0.297098335520585,0.478344161802088,0.117993649376925,1.1323812174726,-0.538409177387133,0.769173765319979
12,-0.264494466853089,2.08914963542178,-0.28264658288522,0.497250291086404,0.555878780775227,-0.499354859489466,0.0856559928094744,-0.677827518198599
13,1.80930623832168,-0.148885703720196,-0.219361673231766,-0.252942189180724,0.734813805841652,0.218700804250437,0.442921986855886,-0.568046205495292
14,-0.284001801893766,-0.106544970327977,0.626711938613558,-1.29984425606129,0.843415316524473,-0.583654306749188,-0.387813713665311,0.413705813620212
15,-4.38169112700682,-0.240432407659685,-1.29353626372771,-0.945163596057225,-0.854010761115762,0.60739195924622,0.380057089298938,-0.218714470633709
16,-0.310057359293778,0.936647060903163,-0.327232661239314,0.731078611964781,0.825291646898073,0.431923035203641,-0.261357814793844,0.196618417636836
17,1.10529228544377,0.0261080780741066,0.0618961999881955,0.617712547146502,-0.494869643841619,0.637278777895304,-0.315086719652087,0.359819477231932
18,-1.44013105357846,-0.993486261483555,-0.447120820030615,-1.18397843074817,-0.38303423270454,2.60107313307767,-0.612825526175539,0.466698367934058
19,1.12767557033481,-0.934482450152659,-0.105532282425061,1.21738022137462,-0.657709716142657,0.315321818908624,0.343842840337445,-0.013977698017483
20,0.0632592147407515,-0.433277461864456,-0.226043568664679,2.44502395239568,-0.294386983652889,0.113072710113512,-0.0644963231803454,1.06016292691673
21,-1.77390942358746,-0.835268299701705,0.369359758375412,-0.726815934468973,0.571325073084109,0.0104468592450935,0.189718250069072,0.56246476030926
22,-2.07233513950696,-0.659251012853791,0.510873022808604,1.73983782923167,1.22873322235888,-0.107249563996854,-0.357767588523322,0.433763607842317
23,-0.308598047083671,-0.165838911252143,-0.557688949874811,1.74386953157503,-0.0742800651061395,-0.964649161621529,-0.345608232226363,0.55777604499757
24,-2.86814984576036,-0.683069052455795,-1.26996232530399,0.0913415480219488,-0.571875921877103,-0.842706480457882,0.22292986472049,-0.309669286421697
25,-0.442649987872728,-0.464262016373716,0.457640616455299,-1.33962129068397,-0.182153220240513,-1.67273955286756,0.183964442680248,-0.295956326200079
26,-1.62933721298806,1.14914542510312,-0.713900373979577,-1.00969241313651,0.188917176346428,0.360839566662826,-0.0540296589036585,1.06267092311515
27,-0.963434901883302,-1.25204101515153,0.379816008203934,0.462977210426361,1.41887114503659,-0.641531028473816,-0.459917769655517,0.175013147317848
28,1.59296487851273,0.638600182432703,-0.296273377777095,-0.471653369778354,0.46994580844877,-0.614288498403186,0.60132807716874,-0.442620813521362
29,-2.10512459448251,-1.53470593714262,-1.32350616145733,1.16146570165816,0.704618807664149,-0.27506996702712,1.27265696070837,0.2739121607771
30,2.1098807412945,-0.661870375822094,-0.311838165177572,0.277601350558794,-0.148059509662636,-0.861438040308065,0.673068005977009,0.295104036573483
31,-0.237645225316537,1.08110393606744,0.0153515294053044,2.05824527027081,0.330065620169455,0.902784658309551,0.363502788462102,-0.373431044418565
32,-0.944944019198304,0.739624056540316,0.509160309725879,-0.425114748831936,0.219711401658032,-1.51644123839816,1.62769442621492,0.259545374425928
33,-0.301865376141214,2.17029642722814,0.249213091171711,0.120943544193879,-1.86439137110408,0.379674009044281,0.243685929993747,-0.533079458435345
34,1.04574395807036,0.18311472148957,-0.203575995831665,0.0203130136461804,0.808802836904908,0.718991519025887,-0.1098078493821,0.459138392434831
35,2.17376136257857,0.153200080177985,0.179313978444276,0.10103325958312,0.566815032790619,0.859413352641761,-0.498423401908753,-0.771313704891136
36,-2.04781325406357,0.517795921093305,-0.54492295967462,1.45537864858146,-1.03526654626851,-0.174868325441611,-0.203025908965231,1.04846940893407
37,-2.60714689081563,-0.74802178476567,-1.27050764503225,0.328729044390081,-1.20943979932879,-1.14605992438764,1.13603482017182,1.14220754817048
38,-0.983879563902489,0.680787036993791,0.686855248972361,-1.3746392715092,0.132600380145383,-0.493952029502841,0.502801260062934,0.320083536444077
39,0.701719172803823,0.707649458309624,0.0109309343605572,0.283615893780963,-0.525906297524664,0.0541855642763816,-1.42807918031781,0.505542926736761
40,0.816408072997129,-0.14310346268665,-0.0739486979821769,2.12056599733079,-0.495934230139558,-0.515621226578112,-0.535347163213233,-0.113638510199331
41,-2.17317794067957,-0.556338055423366,-1.43450148673237,0.0326598651185854,2.03401107226757,-0.770769212277571,-1.09358646004066,-0.311663094128124
42,-0.507915931774142,-1.68026946524535,-0.891509223109232,0.189412600968194,0.686889409776136,-0.0526696227142427,-1.09249183989474,-0.18622914133963
43,-1.86162385341295,-1.30277539061228,1.97542387868225,-0.463061347647834,-0.34180751932419,0.479421859269215,1.69508007512877,1.48308648807475
44,2.31420634217666,-0.531840885012187,0.181040138141258,0.412709708028478,-0.754868898220678,0.247433716798358,-0.110684117577201,-0.53729302343598
45,-0.479750240018883,-0.148608952949243,-0.758313925716529,0.259170782779673,1.5724022895084,0.333412806336748,0.442136060627238,-0.77530198111134
46,-1.95640605115289,0.753831467634709,-0.577760641492655,0.705329565906377,-0.444104572253522,0.241076795767884,0.109591546787486,0.500237363796032
47,-1.20212873283791,-0.302652516866601,2.13684659378624,0.510542582345679,0.368987176430689,-0.841938392986957,0.446543628966405,0.0741099463859786
48,0.475897753664784,0.907580188008739,0.0261740223067226,0.205991694405643,-1.35125424590889,0.0683109385126557,0.144965732406825,0.45291995752791
49,-0.0710578727965658,1.38893310707975,0.155150739850898,1.10182192048717,-0.0469577491657815,1.36095199956542,0.517184670177308,-0.568880568412185
50,1.93366718934014,-0.1910235714008,-0.029790701508522,-0.37798177388913,-0.502526560003139,0.225284787700112,0.0451240158002116,0.766186243731172
51,-3.86070051749863,0.00421924367543821,-1.34501224407727,-0.318645295201164,0.265805120641073,0.219455625284393,0.358556480900399,0.0203276157048789
52,-1.38369158704166,-0.830429108341609,-0.890731175192335,1.20406551404838,0.251927988947686,-0.409135245602625,-0.0300744309442239,-0.251778944914971
53,1.89346699158533,0.553967125986428,0.0217598771523522,-0.448576177419095,-0.390622395405922,-0.0415033131867923,0.616647226644467,-0.618330363224573
54,1.59294285332706,-0.278225036765136,-0.263455692611544,0.362047493160413,0.157132017702535,-0.453616240394891,0.102892768601091,-0.000930606953955694
55,0.603051503746067,0.440984676121181,-0.257619597711794,0.633550150671895,0.603244918711662,0.170185125565673,0.199352585437138,-0.358724769655563
56,-3.92821539975966,-0.0033793486774765,0.235698908808589,-0.657378559055576,-0.550130476599662,-0.075003917761096,0.323153188100576,0.166982384067321
57,1.46951661827476,-0.0385181601882835,-0.177963697625003,-0.248078183663832,0.937036485755516,0.538650189575199,-0.537580506575902,-0.460552016473049
58,-0.964042291777341,1.87508491691355,-0.371421878650595,0.278690418023848,0.103484556078081,-0.119225685880656,0.318125835774149,-0.20100606610821
59,-0.351656191374967,0.789129020862304,0.791742595839062,-0.289491320511591,1.05672693791036,-1.19846016567066,-1.08557249681414,-0.450136697890131
60,-1.81935004676889,-1.85807751378625,0.378682777675466,0.891267077786691,0.162486524962206,-0.0912007228943019,1.24004353238407,-0.685846237240451
61,0.755609370962001,0.224672626671887,-0.273071134400867,0.513300672387094,0.634853582507637,0.100131829275612,-0.0915434721096499,-0.445920901146906
62,1.60822271329283,0.0351467377533892,-0.174554704878049,0.535739413104951,-0.0786153473293442,-0.459435917572098,0.308945887029488,0.322417306694241
63,-0.202693127635441,2.25666850103372,-0.257697529365143,0.070787392696496,0.442544534757832,-0.102452033481665,0.0920135135635713,1.31476138835983
64,-0.670566483157101,0.779480196024152,-0.551695623822264,-0.654038318150533,0.715520883076425,0.481454798804539,-0.557160293801655,0.715459414610985
65,0.299018149994109,0.770641912591275,-0.766016480635237,-1.0860196081763,1.06935031307928,-1.12784612301665,-0.473155045934351,0.01340217072557
66,-0.37978814592808,1.7409368216918,-0.621748523376449,-0.748299408545419,1.24176332286388,-0.637971585692275,-0.426949908826003,-0.362813391703353
67,1.46370298696833,-0.82493450664636,-0.140369671625943,0.346799384140681,-0.494752616186288,0.293330510328255,0.0144471399047433,0.587079388995343
68,-0.320584090680105,-0.62798833961087,0.650610518379954,-1.05527565631273,0.955577324749973,0.0451972504603124,-0.402166707442538,0.88508507058195
69,-0.251990198007991,0.623697841270202,-0.633946255307523,-0.901153825552449,0.948639400700383,0.144909472084769,0.490739737610589,-0.951405798025674
70,0.135685798415046,-1.22348218686582,-0.526425021722399,-0.167147214235032,-0.321250551299846,0.644706680903036,0.47403403772251,0.37432904801847
71,-0.63123896318084,-2.66760212041885,0.449986832716436,0.952697498269274,0.496632722665461,-0.402702243365246,-0.111153377127738,-0.207116527241951
72,-0.865085457893532,1.58266358679468,-0.450192990256795,0.701458767866495,0.78903469105787,0.0592857809120972,0.265610775295575,0.408777787426123
73,-0.0200437717215037,1.00476935533861,-0.272925445780261,0.384780939005391,-0.331636190490145,-0.102176053510576,0.532797342098354,0.460790303162309
74,0.0344824297605748,0.0149235643623282,-0.471163747512743,-0.0419027616943555,0.496703229976902,0.189474019755229,0.0614809478243221,-1.01886195522661
75,0.621342648139237,0.701706360762628,-0.269568887594992,0.511265850797614,0.547163914598913,-0.144240653039077,0.206529082325751,-0.594414398136432
76,-3.103381455667,-0.897407569495709,0.252487299647599,-0.447524143273724,0.147204273903555,0.09166572842839,-0.540050023125591,0.241721107840155
77,-3.67616478359907,-1.96531830730129,-1.34082615286462,0.348845563245226,-0.667911396072825,-0.0686049012010839,-1.2470366138806,-0.930230593847418
78,-0.965878698247996,-0.472247204590157,-0.497832969363463,-0.222541570910983,-1.2226379328279,-0.137020761926104,-1.79472037253075,0.329843095992391
79,-1.79765295357088,0.285612394365726,3.88087468545734,1.69512205109954,-0.249708440049271,-0.942010908293726,0.12680121643433,0.747991869107696
80,1.37106743458159,0.0666246119531487,-0.0739999155722872,-0.746718187566377,-0.945985467554376,0.250753445833605,0.438789813553272,0.262019921415498
81,0.450163699445663,1.65869345140048,-0.093249454898544,0.897564486571344,0.313215543233744,-0.0501884745067291,1.1483937737475,-0.841972367430744
82,-0.917705002705205,-0.355396089982286,-0.34545210973838,0.0864920256415567,-1.01205194588106,0.481414617832324,-1.21013839296164,-0.602177807404917
83,-0.0814253987608071,1.43200825834371,-0.0933873765093471,0.585757069387002,0.987559709086181,1.4070265040993,0.483601143429132,0.511888274872763
84,0.47144410308058,0.949939826967005,-0.173231337232885,1.31300482981701,0.123987109293889,-0.512548096530727,0.458258340528676,-1.19500933147327
85,-1.44349178842214,0.357485661423114,0.593599100684408,0.224057971052645,1.48688522594971,-0.109414180616953,-0.246159157004687,0.810398717041291
86,-0.00573683360789766,-0.596818630434868,0.782481794333111,-0.123341282476282,0.316697653655213,-0.386687654920266,0.857476806694252,0.158112394819566
87,1.6588344873832,1.08073132749788,-0.0432025375097782,-0.545003058142444,-0.599409388686055,-0.560066837235665,0.767876820068708,-0.257215342769774
88,-0.338700481539109,0.365315816586834,-0.332606193185584,-0.0205531726929718,-0.465138250976651,0.429856687550646,0.449749229489695,-0.237113989215337
89,0.933762899089508,2.13336193590676,-0.0647191174138515,-0.996520005865371,-0.484304366567985,-1.13763644413458,-1.31844163714019,-0.23968733272357
90,-1.47057846976632,0.069912737655164,0.756558182490088,-0.0303116438529645,-0.221501175072882,-0.690243931088976,-0.923283905273362,-0.290364543432181
91,1.07616065328014,0.00271325094654867,-0.00814425830927268,1.34808770225555,-1.30638277569057,-0.284934355784725,0.616282613071693,0.906637018242367
92,-0.417143789582896,1.37708040834227,1.34540966386408,0.0991893047389832,0.254665487709942,0.9142488927869,0.38619782873654,0.931999778522677
93,0.82780026132955,1.2659415602177,-0.0324016496860951,-0.230798237841408,-0.200184331015486,0.290287892741237,0.446832883960272,0.0242089555591692
94,0.502516203775442,-0.467177533506169,-0.314363414691993,0.54722049401587,0.0228374961335035,0.731109319600243,1.14166412990028,0.140212436998808
95,0.223672779169251,-0.683518621482571,-0.0527461619887965,2.98498828493738,-0.759231330139313,-0.239137328689177,-1.87023186867704,1.03235053432599
96,-0.368068028900917,0.111997626899628,-0.426360498775071,-0.961549562644146,-2.39510279338699,-1.41025944101045,-1.12308882150834,-0.709858552860412
97,1.33858638639118,1.24105110972817,-0.0801036111873841,0.34744243894354,-0.280383044785609,-1.08858354523879,-0.443973997308062,0.0461905239220742
98,1.2457198712704,2.10750153534207,0.183190359266148,0.0847006020083725,0.028026693203613,-0.107956469623119,-0.67234103562826,0.233264941699376
99,0.166903546856131,-0.186782377969481,-0.295676964392016,-1.3098327165906,-0.812351950182623,0.718098876806902,-0.423276519335235,0.051146238242209
100,0.789855797601953,-1.55771207676698,-0.262741354268147,-0.080672656203805,-1.52116172351254,-0.00182646457304569,-0.442737050399453,-0.967566036064521
101,0.0407045655990707,1.98217010083354,0.303889052348131,0.650879053630059,-1.12730510074151,0.774322662402301,0.372602089917023,-0.687477304229508
102,0.906989253416425,-0.209221592489957,-0.632682658564021,-0.10934824996082,0.471272466554683,-1.0888051820662,0.0709121608225562,0.0741414529832624
103,2.77154265314281,0.0305298942132763,0.23822096072594,0.62953297025318,-0.452637885494058,0.544716624814789,1.59406066851415,1.13210648280786
104,-0.483365360723505,1.01952076990926,1.2740751148865,1.15000471365649,0.752786182416587,0.730272593265211,0.379358908032493,0.617840785071971
105,-0.299633624129659,-0.33534523821434,0.71954724216979,-0.496070455452416,0.507928179128174,-0.707589267926148,-0.434157009897787,-0.0383956227271025
106,-0.905546219056657,-0.465766447365022,-0.779048470567283,-0.810295999950787,1.50331632260159,1.19781868383572,-0.898776585317286,0.303991062119475
107,1.26870793504312,2.34587674184155,0.439743449686854,0.0929678723184882,-0.85066998857118,0.278510088447503,-0.393537591107824,0.163635076890808
108,0.929235186762889,-1.51909412412191,1.2289122335258,0.436871058497262,-1.12324790869104,-0.241689411516634,-0.250509650330332,-0.00441023950710946
109,2.44303342114878,-0.963037252995326,0.000577940879165817,-0.80154448606971,-1.21492003907934,0.215568900211975,0.481996460839771,0.345895195153649
110,0.682867299900289,1.08161247733761,-0.466736718921308,-0.670101128304287,0.87165889755431,-0.661156690192761,-0.058258944602025,-0.446315168358029
111,-2.75043538275074,-2.17953033431983,-1.26319811527664,-0.256480478837717,-0.734137347782066,0.102198251765451,-0.541106295877362,-0.474434802663436
112,-0.200172099627213,-0.375137453324058,-0.503308477009323,0.695371220521062,-0.0248975540494652,-0.168417246285348,-0.285724767319086,-0.216056728204403
113,1.42997156411619,0.560261437071731,-0.0801236078398689,0.431094219207226,-0.00203486151685317,-0.511966166021004,-0.629791850122995,-0.0603513146485547
114,0.414577570768262,0.402035106951376,0.0205087216655664,-0.415745507506792,-1.25101103289663,1.38942459178097,1.83763375118063,-0.0187872669087354
115,-1.49476051565289,-1.8512020188818,4.88282762386024,-0.237056838339645,0.524705428620583,-0.82676911038319,-0.0978397316581481,-0.484027522016405
116,2.30383881621242,-0.488765733748228,-0.0674979782189873,-0.103355143071694,0.279648560031285,0.293508221332238,-0.144267644325377,0.543475819848968
117,-0.580222742545429,-0.582256556901443,-0.649472390307905,-1.57732720116334,-0.251471981857695,0.72958061064344,-0.350178922381915,0.106872591100141
118,-1.09534624922787,1.23189568446138,-0.441861141863459,-0.157948206688129,1.06702824366722,1.31586974461036,0.694056739979416,-0.278321007960492
119,-2.33805763306174,0.0829616044972832,-1.23776572442291,0.58191014196667,1.72156619376787,-0.380110373438824,-0.278329464016605,0.167193529099458
120,-0.368704353247021,-2.19844077721271,3.64542515312513,0.291623594592266,0.764481877993806,-0.387291233447962,-0.843933846302915,-0.134386313697571
121,-0.574435866997357,1.14391692189158,-0.310122007768799,-0.301207384398773,-0.7003136058956,-0.229109499535544,-0.748086170294416,0.144761242446347
122,-0.211268336043784,0.0874364661718653,2.6392770155949,0.738514240730434,1.19052043527403,0.515675838206263,-0.257542281749713,-0.104910697744184
123,-2.17047919956518,-2.37402584192858,-1.50600115780585,0.725136896497901,0.110676453448232,-1.23654659839256,0.110675649490858,-1.080569148536
124,1.81116139186509,0.839310585062979,0.138270140201026,0.165523198344646,0.191841864467229,0.393084006584598,-0.175728949446806,0.16772241109603
125,2.16555370309587,0.271700696978967,0.172301326369048,0.418285169310036,0.492033540644838,1.01181545680022,1.17612590823708,-0.959450966490848
126,0.925324276872767,2.22675385972213,0.125192444910798,0.151507638633436,0.200556730643543,0.0379698001342098,-0.296602038963083,0.0843092910338638
127,-2.18376088126578,-0.892056308083855,-1.25490009416196,-0.010480484641557,1.44714275963741,-0.0640571984249916,-1.02801263083723,-0.468951244104019
128,0.775986631632624,1.49869929308212,-0.12431282525115,-0.0212939747337075,-0.723841952336846,-1.0631148871053,-0.0503081995550016,-0.4579757983936
129,0.827487213646337,-2.65181165173431,0.636267390445427,-1.20014209449692,1.20073830152564,0.59244976123368,-0.750831031399368,0.539070592101276
130,-0.566545219511523,0.0264561701923162,-0.31248535188351,-1.43603535210876,-1.23133851741709,1.12804660983521,0.254108839076,-0.130134324101254
131,-0.920700439494328,-1.99649931240613,-1.6494946961466,-1.37519051084171,2.41300851663861,-1.07267763556099,-1.81929351254573,-0.254543007270239
132,1.33710504899541,1.42671186268563,0.183170362613663,0.168352382272058,0.306374876472369,0.468660909594671,-0.858158888443193,0.126723103128747
133,0.869079469495446,1.76503845135863,0.212202150851413,-0.344815267405573,-1.13496201690303,0.362328672207109,0.732812825369321,-0.281110537730267
134,-2.42550987571096,-2.06527148749249,-0.166843624320974,-0.0500790813719566,0.432227161910766,-1.39705922231575,0.452016085998728,-0.256674369438292
135,0.549896043873544,-0.0438694216001366,1.32942369618455,-0.685121842295999,-0.36290199997834,0.69437311642858,-0.0496178988642628,0.250120335471126
136,-1.19904293894994,1.68585509285924,0.954103531901114,-1.09095100804372,0.0629221625014291,-0.208057617104709,0.207855659896795,-0.161749557203504
137,-2.20537122198517,0.818094042179616,-1.02599960570344,-0.282155970272576,1.37795048189532,0.107875527236543,0.320267933145161,-0.686358009328013
138,1.00828975076194,-0.0613830510144215,-0.289155030386231,-0.750121452359601,0.134933894134281,0.184236273087745,-0.820516124398951,0.439143975246308
139,0.368145271659348,0.740228455609091,0.624578380799112,-1.06232579095418,0.853191204231649,-1.73224309344157,0.802344587772831,0.277701324453722
140,0.295728653500658,-0.0300160071312439,-0.402612046476713,1.43304944026954,0.511765030065957,0.00615387745746555,1.55950545902933,-1.04885464596332
141,1.71519381722303,0.16225660610693,0.149008659356082,0.280479491621946,-0.626855700339665,0.0666386963725973,-0.820525819075665,-0.559408777999963
142,0.103013206447707,-1.9237735853367,-0.48799018768414,1.7687766776915,-0.427772016484064,0.301157183607686,0.181989423767825,0.589518546302499
143,-0.0895390363572118,0.31918878675504,-0.273032482000771,-0.91212742356095,0.052747518060965,0.931952509739162,-1.00420206091042,-0.125367362115936
144,0.326428291349175,-1.21369181960746,-0.813861188868766,-0.499565221378435,0.34231527479814,-0.458483848965498,-0.200743669076567,0.376108488414981
145,-2.54646074139671,-0.425009121737064,1.30010050642681,-1.65988622875798,2.2267377091318,-0.611339739830526,0.83944487323777,0.344467378871277
146,-0.230571500224026,2.57867158794959,-0.38743117632465,-0.428807809396752,0.835284914058777,-0.689845676917256,0.139175785930564,-0.461415710332153
147,1.55668865596582,0.611684579641262,-0.0376924248575786,-0.739688391721022,-0.00873335457292842,-0.0301600292895733,-0.562731888327104,-1.0698737163314
148,-0.685622139941169,-0.870611309862496,0.630595372393516,0.398990350248731,1.31198418473014,0.297934203825145,0.0461787915492955,1.47173293263582
149,1.37808850409105,0.781463112605179,1.40775224148976,-0.711412845256062,-0.482483321361289,-0.682490747889533,-0.618851846690341,0.538404890061202
150,-2.34381801474029,-1.49246421682775,-1.57120718939442,0.278118771444542,0.986027032480806,-1.24882201948479,-0.655592495981404,-0.0592210129456523
151,1.97712194031772,-0.968651197848804,-0.113094537021793,0.63420111541778,0.217861313859513,0.303500088791464,-0.140356260830154,0.109795783228969
152,-0.892994955765832,-1.92934062541341,-0.672585869199317,0.907924376053056,0.208761796881024,1.59322176338477,1.33450161927994,-0.376607997011838
153,0.46975891584658,-0.734021784152124,-0.131440068942655,-0.0926624018055151,-1.47364712429917,0.897246410337473,0.702582802515247,0.286277783482587
154,1.20923025106905,-1.05256051206808,-0.316332236684547,-0.558412205924987,-0.695327835226446,-0.129913525545917,-0.372555798975555,-0.650516738432083
155,1.44701233384763,1.03175256765625,-0.025723138321896,-0.701055872110428,-0.231000533728935,-0.292351629902614,-0.384090532400785,-0.727642249279898
156,0.870543512278253,-1.19402987232946,-0.362380861156699,-0.369320869425643,-0.466716793673766,0.330438522816162,-0.00399329919899056,-0.563782760616725
157,0.209455154869412,1.01837028642621,-0.150240608421228,-1.24768481765016,-1.2614311772246,0.095427083541338,0.122613909807868,-0.264262155464159
158,-0.170741754821326,0.352695342038296,-0.243968819031013,-0.113800716814757,0.661600139572933,1.50694249254787,-0.447513243793344,0.639925200997781
159,0.915632173189547,-0.0866491516127523,-0.189967589167025,-1.00993816112789,-0.629112747980041,0.30233146660139,-0.894608759318072,0.555774714233869
160,-1.68624824338985,0.421248266075832,-0.865668870960854,-0.0919015829634719,0.788207724837671,0.164863826019994,-0.386352896545184,0.91588898005727
161,-0.183519751551016,1.59062671416633,1.05449124656433,-0.314845661078626,0.727572798447896,-0.521186533984736,-0.400834579683007,1.18881455447934
162,-0.426606143603194,2.65578604464905,-0.255858118956756,-0.487040357480095,-0.229525414346084,-0.537335423710251,0.117116811540067,0.723861088228799
163,-1.52644865709959,1.5947012849941,-0.810952916479464,0.270730365945337,0.968597628662736,-0.593722279057567,0.114198969007959,0.974574811404366
164,0.270970087506111,0.476355651634051,-0.0485695194178207,0.472989506554364,0.162518281882612,0.882420746138264,-0.708399581902611,-0.644208359090085
165,0.904422329377496,3.00168363499143,0.0293469535230066,-0.269069978923201,-0.223361118313396,-1.19731769571258,-0.541346707817483,0.377573887076606
166,0.803187835439308,0.406082087095617,-0.00805100425035268,0.562235283897284,-0.378420610514438,0.468779269047883,0.0678287739017043,-0.024825801914449
167,0.48497750297771,0.170530645253891,-0.692795474986206,-1.146799063913,0.349820510523872,-0.683029639319918,0.53833301731017,0.00319301361160168
168,2.03345021702348,-0.522894554349921,-0.41812529804003,-0.525890173776024,0.647241165588259,-0.369619945631302,1.07052840084812,-0.489279790721406
169,0.648141377728482,-2.01863455781817,1.00397720862102,-1.4130590133445,-0.664272201519482,0.834819912204908,-0.367478865871734,0.928302933331767
170,-0.816350862532227,0.723226668558156,-0.643654951155766,0.0359517720324959,0.498398800329348,-0.055056083077336,0.844757336069837,-0.464933272061808
171,-0.406576114630001,2.15780186615865,-0.269490241889927,-1.0814658056778,-0.591638516385271,-0.465654731011108,-0.334493800845157,-0.0607771819642046
172,0.249602868349323,-0.850952891366093,0.847283912020781,-0.705273906488383,-0.574790176227193,-0.740943950889843,0.0893373550610883,0.355386206384596
173,0.486832656521121,1.15872693403707,-0.335163661553414,-0.728333676387629,-0.193151430850551,-0.508646436985757,-0.0803179189925216,0.738961630202923
174,0.701821433844955,-2.8338354411484,-1.08858534062061,1.6535691607663,-0.140261097041882,-2.08479068890293,0.835512447229814,-0.193995584141559
175,-0.740495290641909,-1.56145786956979,-0.537639976609715,-0.815803443737216,-2.33397347989643,0.205453298902341,0.121398568425513,-0.721454171002336
176,-2.03146195917533,0.223768464776503,-0.770015551279531,-1.66117782656611,-1.93833876425529,-0.153990718347941,0.275764810795731,0.00788701206162604
177,2.6376591170324,-1.28284257239294,-0.278230889562933,-0.414935647277589,0.414343098933898,-0.0326209279364598,0.304697413740534,0.280010767571355
178,1.15271506200057,0.310224589843111,0.119987368402466,-0.234946907836825,0.260562483894587,1.24506613297058,-1.23927955548725,-0.422687692259373
179,-0.569655799311561,-1.71169568456588,3.89790873638663,-1.23026533151665,0.39809603244007,1.39169369061902,0.235143176071316,-0.606390587938266
180,-1.62079926176474,-0.976947094829831,1.82696489362319,-0.966649309039968,0.685622293000952,-0.454342055305751,0.0569427331506645,0.0145676941517751
181,0.190559231594555,-0.44131713294148,-0.562272891371993,-0.534000113857873,-0.489493563638095,-0.298570654911214,0.49556352838835,-0.332739837424137
182,-1.0893192116892,0.360517942977375,-0.6048350943637,1.05612866285544,-0.0708336105657236,-0.968071956461383,-0.977302091545101,-1.14323177635012
183,-0.449586532728814,-1.27094433567571,-0.33314028862871,3.2514220690997,-0.095954524476006,0.513363329644756,0.0170815025446545,0.626020736620749
184,1.78728817294436,-1.75445737914801,1.50438861350484,1.67559881490279,-1.28897602976063,-0.525019859463273,-0.740773424043567,0.0292332467339348
185,-0.154840169920567,0.752256428208952,-0.261798184255353,1.29231863441458,0.465332169184998,-0.0764910008681304,-0.591420671684494,-0.57836877868269
186,-0.704390304127586,-1.07815050449423,-1.23436518579625,-1.0915112548562,2.29444036412299,0.223031375883361,-0.549973615845491,0.452387341701927
187,1.13875908050937,1.3305737922586,1.07428744652372,-0.938391296163807,0.131345363020621,-1.90194660861378,-0.739249200897922,0.733460146843699
188,-1.715848106787,-1.26447720633458,-1.11328768445136,0.725332756850192,-0.357600065991476,-0.675380677044471,0.864590085403372,0.0492357400651327
189,1.53559516469362,-0.488103541335339,-0.0889993865920134,-0.318502743861047,-1.20477509148285,-0.26966003135931,-0.216757360274857,-0.345590224511201
190,-2.56764125561417,0.50280782123461,-1.21596205007087,-0.361430889125698,1.26139802525388,-0.0680269224581571,-0.0151827451564627,0.823121835925676
191,-1.14872803184244,-0.385747997150357,0.545373205476795,-0.89035707004899,0.203591651554183,-0.56601289945482,-0.109667730926109,-0.033415581274437
192,-0.631290093248367,0.590916669706647,0.149639286293825,0.0383827186450801,-0.663043481188068,2.81610063051846,0.563499084142482,0.35124766703915
193,0.702958601708114,-0.00755235604028117,0.169887551922568,-0.0366979944499698,-1.54966920433979,0.984980374986566,-0.139566653353775,-0.62452075503185
194,0.831830325096382,-0.176836911724816,1.43728935615081,-1.29466443077445,-0.72955997074749,0.66776521708824,-0.312620793959023,-1.53438926253124
195,-1.28392288238716,1.59714848157283,-0.358843949087151,-0.164181038875443,-1.38728295783273,-0.880554386321243,-0.301567735878214,-1.51903755533523
196,-0.053939982592204,-0.424509729524144,-0.545085260878997,-0.560158345080538,1.26958840220601,1.29232455334314,0.325157150409121,-0.841141561518734
197,0.0359647097608152,2.14370817911253,1.6210826145065,0.140644602117119,-1.44586104692751,-0.571093232520013,-0.166114050644172,0.0388780000618125
198,-0.403635374443428,0.120753680417904,-0.310614066743115,-0.682368745861532,0.146781048366363,1.37448543980289,-0.75507075964294,0.452091579740446
199,1.39153412178644,-0.949378220994338,-0.413856841506265,0.257197431430417,0.653099088083069,-0.0574978111456654,-0.0254939075975293,-0.324740674278138
200,-1.46282436992865,-0.584183103487492,0.50779162073445,-0.660598392349572,0.297625181859581,-0.123479969391092,0.139463570341373,0.544043360581945
201,0.453376174624697,-0.795556654877354,-0.132894456597235,-0.450581652732505,-1.2642881209061,0.762663424477363,-0.852535309121502,-0.0163099189587248
202,1.49072191840429,-1.2166908581276,-0.689552167512341,-0.150809953498827,0.579006633705549,-0.902190484463236,0.574700743892623,-0.227090706100952
203,-0.646492923321911,-1.25848761137231,-1.14650460927089,0.127644540915943,-1.10653349058613,-2.26027849711764,0.670228560724084,0.190685981365157
204,-1.7128537684129,-0.204350873137545,-0.683426036276253,-1.39447129817142,-0.933269709190047,1.30205055482408,0.63554789471404,1.33600740170558
205,-1.56360419030919,-0.671347388508926,2.24623344892313,-1.56334289796547,-0.817323217483723,-0.14241714475051,-1.25887630949408,-0.495592315994713
206,2.18417478457351,-0.468974344209587,0.0114334303616727,0.152236011821107,0.694373248214033,0.987816574557935,0.525157274362119,-0.624696865705194
207,-1.17688201158121,-0.350765415518694,-0.835300228573166,-0.515464295144052,0.0758142457614661,0.155147938531857,0.0505195484943764,0.495597931479748
208,0.856484510489448,0.388767013709371,2.85414614146626,0.108425953906226,-0.302532159848134,-0.664936305497929,-0.0536691633994834,-0.523815285293752
209,-2.48753736041915,0.862207385984865,0.885879103290835,1.39295668445981,-2.20232972739068,-1.67680437857631,-0.35983128861515,0.563983772678229
210,0.292175387635641,-0.701817046305265,-0.560157989305159,0.570257736719369,-0.195511570167354,-0.558419927900171,0.403881668565914,-0.410747048717988
211,-1.14463589134457,-1.60706021001857,0.389894012946737,-0.168405095946591,0.0968325833658947,-0.57354407983675,0.542085332174809,-0.171523128042983
212,-1.27426713893056,-0.219588970007338,0.847102009968586,0.782824984942371,0.405479924359187,0.0710646788655039,-0.630079383200993,0.368848334786893
213,0.849218959113516,3.22091530689709,0.214113429296778,0.241547778314288,-0.313538817657092,-0.544467256260788,0.0952689322802472,0.51419904325269
214,0.120597482226209,0.337863934861556,-0.659864539109251,-1.18260239959618,0.686620701685018,-0.345261135696805,-0.322738277612535,-0.38003776140718
215,1.68700937839501,-0.0102680734686484,-0.215407360756545,0.293487911219927,0.356725850208477,-0.476031858967106,0.376343425009945,-1.23695371692017
216,-1.1877693104494,-0.779908022235003,2.14317873479673,-0.469396146767804,0.218775854981422,-0.0232908590785608,0.232976437464827,0.536300283150225
217,-0.96153569796857,1.56980571202732,0.671812451305625,-0.785959127925802,1.50152678515464,-0.788492342156245,-0.0816980888229101,0.027401350774357
218,-2.00576160609622,-0.386262881052937,0.400471280496465,-0.28844330023925,1.30184703008042,0.206481373879002,-0.510638490015197,0.87667612399214
219,0.0281876421330153,-0.433466566650322,-0.452853474392603,1.6011749064125,-0.921994838959773,-1.77386213876782,-1.08551694522293,-1.49211223188
220,-0.584329161432203,1.23211392695745,-0.686487317764625,-0.410483264675072,0.227186940539792,-1.08620583348,0.455959570679808,-0.768473324954733
221,-1.68521328335009,-0.16831458379169,-0.50387912143137,1.39088870981993,-0.660293377945123,0.291461020615552,-0.525720361427178,0.109433292946901
222,-0.704159512701693,-0.711438482333659,-0.595829636507012,0.128254924717976,0.69453546147482,0.962372512594791,-1.26882521768632,1.06949133601106
223,3.16717164677761,-0.805938280562846,0.0978202763743483,-0.542317271807079,-0.89710332562948,-0.182379391695185,0.130095419366016,0.359798707104285
224,0.194920978946737,0.241599950955467,0.838593252017019,-1.18018427228215,0.365576724064041,-0.793454108852642,-0.5229113325114,0.631436196049751
225,-1.22030243131182,1.33859189795784,-0.518792843061272,-0.293007607022073,1.0805084295431,1.05949782117452,0.666644977477338,-0.259437454557191
226,0.967049961553169,-2.41008914541564,-0.68614451567026,-0.625116892150716,-0.462054897288471,0.0847788472885971,0.136932843067375,0.66334847895605
227,1.94563705223624,-0.529439675239994,-0.0293386358391754,0.170483148101001,-0.792924847727591,-0.225075393202742,-0.31952710048113,0.245772229295816
228,-2.10375858344566,-1.15282347430744,0.409425554079151,0.453406529620844,-1.00100562579228,-0.82391395033263,1.20492578926873,0.0469348577620635
229,2.1725613526314,-0.981207308732404,-0.132028323864256,0.432334678458773,0.0588114622954556,-0.0987981044016983,-0.54350701999741,0.277634987297781
230,1.8080338384743,-0.854941476974962,-0.120194228665045,-0.429107117685331,0.249115346996086,0.913413376981873,0.183011499121832,-0.55795730507836
231,1.16173683111292,2.21876687348801,0.116180085452723,0.348227793801493,-0.302429635560859,-0.247564525497193,0.735934114997329,1.04546116158501
232,0.0224905416788168,-0.563485550996317,-0.438798128016539,0.24333317925428,0.47428772695512,0.800506458666379,-0.0723032444619862,-0.056757734223845
233,0.561104674614473,0.434797746451734,0.0209256191513809,-0.0199981521865497,0.336467536279883,1.50128043588854,-0.726663959175061,0.260850934491652
234,0.852212948927964,0.394857646289387,-0.198045886526981,-0.258024100196083,1.12113068774928,0.672280947754188,-1.25459870496298,-0.246978142556162
235,0.67881457835954,0.453315486945526,-0.46364321113777,-1.38106557176197,-0.553348511567696,-0.681042156144107,0.533416901172432,-0.389322611169177
236,1.83431897422908,2.03557846861052,0.383102386133926,0.165728066176917,-0.227544720100813,-0.055564671113533,-0.986080010400669,0.108763857077416
237,-0.941159551210569,0.870990339904842,-0.699489811675835,0.726530832159473,0.658375292665737,-0.985870984273627,-0.770244240474188,0.00631179869885299
238,-0.131413120932442,-1.121544935872,2.27777420963887,-0.554149507601027,-0.0728320631936116,-0.343082623885446,0.7282750970865,-0.273616086026344
239,-0.932822697676878,0.499035014290595,-0.491457115431959,0.338544542683629,0.14883124937821,0.449988752489855,-0.586058188896198,1.58657721972123
240,-0.110272989870668,0.98631597850976,0.104072223511855,1.63722946574358,-0.727608384756206,0.600762540331684,-0.233171804133356,0.401763862678833
241,-0.238698968491186,0.405252387967588,-0.348426475592024,-1.01703583337334,-2.32754369493147,-0.568944350811652,0.824092168911829,0.0942596106129555
242,0.612010082214756,0.155218662159065,-0.156317254425754,1.47799129248084,0.133180270068081,0.0284310460903616,0.03357809069558,-0.320101241961853
243,1.50604565743323,1.27193468396157,0.169173213579171,0.406022154914248,0.12862453687528,0.53319059916472,0.406063165646769,0.342114674078716
244,-1.4702147954797,1.55198432495077,-0.672656245456898,-0.563126407689961,1.10746880129484,0.546753974302859,0.611821452473182,-0.221670347750589
245,1.0155831948547,-0.526322718076452,-0.105351988798116,1.81208794584638,0.164216923751125,0.611524259709284,1.1465705513613,-0.465824691466683
246,0.646377508390796,-1.73684624089757,-0.130799551182886,0.737327978108423,-0.691957944166607,1.0794315307062,-1.13003502175887,-0.200858968823204
247,0.147893101118768,-0.266279667582726,-0.986930150149257,-0.925307656523697,1.32255072260406,-0.626963267326812,0.508660874057217,0.650281820276551
248,-1.79023932587829,-0.778665867323827,2.00160149326966,-1.05249182158966,0.145641823709347,0.0258165945304905,0.540020315298572,-0.781938916854671
249,-0.217656115834514,-2.03204168298018,0.401172291133547,0.236134653413839,0.203491299755986,-0.936781241593356,1.00949082934445,0.715873969291473
250,-1.14928032644922,-0.460381251471525,-0.927683466460052,-0.770773173762796,0.120903095433314,-0.171277281194037,-0.267788271554489,0.427285353391706
251,1.79101509392851,-0.409607388361642,-0.207412383348568,-0.130657889306444,0.790894809954402,0.533126582855187,0.435745489967272,-0.332356577014423
252,0.0639612936216362,1.81032923639051,-0.238732857132387,-0.712447115726497,0.311633929020562,-0.123240255644798,-0.377042499959586,-0.793096123290734
253,-0.257641702863771,-1.7209044956303,2.30000995300777,-0.865373836439577,-0.545050336163305,0.095258025410157,0.440952846850369,-0.244643632206112
254,-1.96547135076877,0.556219410223912,-0.501756787902066,-1.88121750071172,-1.67681686960463,1.05318972128407,-0.37010598046895,0.834179890869478
255,-0.496281651602243,-0.406275229075567,2.24603821916462,0.892054096482589,0.742884893993303,-0.925460906289367,0.0874660906040356,0.323703086817483
256,0.562586012010241,0.249136993494268,-0.242348354649666,0.159091904484932,-0.250290384978094,-0.0559640189449263,-0.31247906803993,0.18031835528498
257,-1.17421038336263,-0.323939530932915,-0.488392979735958,2.2343656459582,1.09651437115047,0.860024640492461,-0.05643740706454,-1.16192877332017
258,-0.0240917626895522,-1.48010998658625,-0.613958661369339,-1.36348002608261,-0.188826664378676,1.2426205279723,0.471917480737018,-0.126046989896032
259,2.73322883337363,0.0578821863188823,0.309185547014586,0.91243587886071,-0.500269512362763,-0.010407982528681,0.119206956042618,-0.348997248502659
260,-0.829335839980301,0.873046678771144,0.0995048945984447,1.50341654735438,-2.48118705876491,0.0019560510434337,-0.544523917100999,0.494147746400712
261,1.68319392535374,0.998656888436521,0.162188716619906,0.326440017829521,0.0256556894239728,0.445318184576308,-0.00426409040910041,0.745643506628397
262,-0.994793555485788,-0.626376528369403,-0.50468532446423,0.773069843551382,-0.197144601811145,0.888201162250807,0.496738795824003,-0.416682997627151
263,-0.41533547467466,0.629930602541391,-0.23606019408057,0.979059483986545,-0.0945757716934192,0.117477166112784,-0.580670367485225,-0.697889821851984
