"variable","value","weighted_count"
"Left.Right","0",71.5303896
"Left.Right","1",34.6017733
"Left.Right","2",84.868698
"Left.Right","3",120.085791
"Left.Right","4",115.6227709
"Left.Right","5",148.3777641
"Left.Right","6",39.990154
"Left.Right","7",64.7412326
"Left.Right","8",58.8758115
"Left.Right","9",34.372613
"Left.Right","10",58.939979
"Immigration","0",45.5281752
"Immigration","1",35.7098162
"Immigration","2",94.4199872
"Immigration","3",89.4214741
"Immigration","4",77.4589384
"Immigration","5",279.7190391
"Immigration","6",53.5733321
"Immigration","7",60.352932
"Immigration","8",30.0975045
"Immigration","9",37.4454705
"Immigration","10",28.2803077
"Environment","1",275.3071585
"Environment","2",263.8638449
"Environment","3",141.8929129
"Environment","4",102.1193965
"Environment","5",29.763343
"Environment","6",19.0603212
"Social.liberalism","1",648.4616268
"Social.liberalism","2",126.9290071
"Social.liberalism","3",42.2788669
"Social.liberalism","4",10.7794704
"Social.liberalism","5",3.5580058
"Redistribution","1",307.2088514
"Redistribution","2",285.7027595
"Redistribution","3",139.9167779
"Redistribution","4",78.0432603
"Redistribution","5",21.1353279
"Anti.elitism","0",1.925422
"Anti.elitism","1",3.8584297
"Anti.elitism","3",33.8973374
"Anti.elitism","4",89.2094356
"Anti.elitism","5",152.6692671
"Anti.elitism","6",150.1353898
"Anti.elitism","7",120.7208871
"Anti.elitism","8",118.7679824
"Anti.elitism","9",57.4591695
"Anti.elitism","10",103.3636564
"EU.integration","0",39.1357868
"EU.integration","1",23.1873896
"EU.integration","2",82.4599488
"EU.integration","3",119.2370044
"EU.integration","4",82.1533512
"EU.integration","5",126.4433085
"EU.integration","6",73.4788368
"EU.integration","7",76.7161036
"EU.integration","8",89.8827488
"EU.integration","9",25.2629883
"EU.integration","10",94.0495102
"Direct.democracy","1",2.4316907
"Direct.democracy","2",30.6746368
"Direct.democracy","3",231.1178282
"Direct.democracy","4",296.3972906
"Direct.democracy","5",271.3855307
